﻿<?xml version="1.0" encoding="UTF-8" standalone="yes"?>
<Manifest>
  <identifier>LotR-TheThirdAge</identifier>
  <version>0.21.0.1</version>
  <dependencies />
  <incompatibleWith />
  <loadBefore>
    <li>DoorsExpanded</li>
    <li>CoC-Factions</li>
    <li>CoC-Cults</li>
    <li>CoC-ElderThings</li>
    <li>HPLovecraftStoryteller</li>
    <li>IA-ObjectsAndFurniture</li>
    <li>IA-SteamCorp</li>
    <li>LotR-Dwarves</li>
    <li>LotR-Elves</li>
    <li>LotR-Hobbits</li>
    <li>LotR-MenAndBeasts</li>
    <li>LotR-OrcsAndGoblins</li>
    <li>RoM-Arachnophobia</li>
    <li>RoM-Vampires</li>
    <li>RoM-Werewolves</li>
    <li>RimWriter</li>
    <li>SW-Factions</li>
    <li>SW-Lightsabers</li>
    <li>SW-TheForce</li>
  </loadBefore>
  <loadAfter>
    <li>HugsLib</li>
    <li>JecsTools</li>
    <li>HumanoidAlienRaces2.0</li>
  </loadAfter>
  <manifestUri>https://raw.githubusercontent.com/Lord-of-the-Rims-DevTeam/Lord-of-the-Rims---The-Third-Age/master/About/Manifest.xml</manifestUri>
  <downloadUri>https://github.com/Lord-of-the-Rims-DevTeam/Lord-of-the-Rims---The-Third-Age/releases</downloadUri>
</Manifest>